{
  "format_version": "1.10.0",
  "animation_controllers": {
    "controller.animation.des": {
      "initial_state": "default",
      "states": {
        "default": {
          "transitions": [
            {
              "des": "query.is_using_item > 0 && query.get_equipped_item_name('main_hand') == 'des'"
            }
          ]
        },
        "des": {
          "transitions": [
            {
              "default": "query.is_using_item == 0 || query.get_equipped_item_name('main_hand') != 'des'"
            }
          ],
          "on_entry": [
            "/function des"
          ]
        }
      }
    }
  }
}
