{
  "format_version": "1.10.0",
  "animation_controllers": {
    "controller.animation.inv3": {
      "initial_state": "default",
      "states": {
        "default": {
          "transitions": [
            {
              "levitation_stick": "query.variant == 186 && query.is_using_item > 0"
            }
          ]
        },
        "levitation_stick": {
          "transitions": [
            {
              "default": "query.variant != 186 || query.is_using_item == 0"
            }
          ],
          "on_entry": [
            "/function inv3"
          ]
        }
      }
    }
  }
}
