{"format_version":"1.8.0","minecraft:entity":{"component_groups":{"justice:brook_notame":{"minecraft:behavior.tempt":{"items":["iron_nugget"],"priority":1,"speed":0.5,"within_radius":16},"minecraft:tameable":{"probability":0.3,"tame_event":{"event":"minecraft:on_tame","target":"self"},"tameItems":"iron_nugget"}},"minecraft:tamed":{"minecraft:attack":{"damage":6},"minecraft:behavior.follow_owner":{"max_distance":65,"priority":1,"speed_multiplier":1.8,"start_distance":10,"stop_distance":4},"minecraft:behavior.owner_hurt_by_target":{"priority":1},"minecraft:behavior.owner_hurt_target":{"priority":2},"minecraft:breathable":{"breathesWater":true,"suffocateTime":0,"totalSupply":15},"minecraft:fall_damage":{"value":0},"minecraft:health":{"max":60,"value":60},"minecraft:inventory":{"container_type":"container","inventory_size":6,"private":false},"minecraft:is_tamed":{},"minecraft:item_hopper":{},"minecraft:knockback_resistance":{"value":2}}},"components":{"minecraft:attack":{"damage":4},"minecraft:behavior.float":{"priority":0},"minecraft:behavior.hurt_by_target":{"priority":1},"minecraft:behavior.look_at_player":{"look_distance":6,"priority":7,"probability":0.02},"minecraft:behavior.melee_attack":{"priority":3,"speed_multiplier":1,"track_target":false},"minecraft:behavior.mount_pathing":{"priority":2,"speed_multiplier":1,"target_dist":0,"track_target":true},"minecraft:behavior.move_towards_restriction":{"priority":5,"speed_multiplier":1},"minecraft:behavior.nearest_attackable_target":{"entity_types":[{"filters":{"other_with_color":0,"other_with_families":["undead","monster"]},"max_dist":35,"must_see":false,"sprint_speed_multiplier":1,"walk_speed_multiplier":1,"within_default":1}],"must_see":false,"priority":2,"speed_multiplier":1,"within_radius":80},"minecraft:behavior.random_look_around":{"priority":7},"minecraft:behavior.random_stroll":{"priority":6,"speed_multiplier":1},"minecraft:breathable":{"generatesBubbles":false,"inhaleTime":3.75,"suffocateTime":-1,"totalSupply":15},"minecraft:can_climb":{},"minecraft:collision_box":{"height":1.8,"width":0.6},"minecraft:equipment":{"table":"loot_tables/entities/kirito_gear.json"},"minecraft:health":{"max":20,"value":20},"minecraft:jump.static":{},"minecraft:loot":{"table":"loot_tables/entities/clock3.json"},"minecraft:movement":{"value":0.3},"minecraft:movement.basic":{},"minecraft:nameable":{},"minecraft:navigation.walk":{"avoid_damage_blocks":true,"can_path_over_water":true},"minecraft:physics":{},"minecraft:physics":{},"minecraft:scaffolding_climber":{},"minecraft:type_family":{"family":["clock3"]}},"description":{"identifier":"ben:clock3","is_experimental":false,"is_spawnable":true,"is_summonable":true},"events":{"minecraft:entity_spawned":{},"minecraft:on_tame":{"add":{"component_groups":["minecraft:tamed"]},"remove":{"component_groups":["justice:brook_notame"]}}}}}