{
  "format_version": "1.12.0",
  "minecraft:entity": {
    "description": {
      "identifier": "ben:power26",
      "is_spawnable": false,
      "is_summonable": true,
      "is_experimental": false,
  	  "runtime_identifier": "minecraft:egg" 
    },
    "components": {
      "minecraft:collision_box": {
        "width": 0.25,
        "height": 0.25
      },
      "minecraft:projectile": {
        "on_hit": {
          "impact_damage": {
            "damage": 0,
            "knockback": true,
            "destroy_on_hit": true
          },
          "spawn_chance": {
            "first_spawn_chance": 1,
            "second_spawn_chance": 1,
            "first_spawn_count": 1,
            "second_spawn_count": 1,
            "spawn_definition": "ben:air",
            "spawn_baby": true
          },
          "remove_on_hit": {}
        },
        "power": 1.5,
        "gravity": 0.03,
        "angle_offset": 0.0
      },
	    "minecraft:physics": {
      },
      "minecraft:pushable": {
        "is_pushable": true,
        "is_pushable_by_piston": true
      }
    }
  }
}
