{
  "format_version": "1.12.0",
 "minecraft:entity": {
  "description": {
    "identifier": "ben:power12",
    "is_spawnable": false,
    "is_summonable": true,
    "is_experimental": false,
        "runtime_identifier":"minecraft:snowball"
  },
/*轻柔的水是怎么造成如此强大的伤害呢？
别小看魔法，和一个萌新奇葩的想象力*/
  "components": {
   "minecraft:collision_box": {
    "width": 0.3,
    "height": 0.3
   },
       "minecraft:explode": {
     "fuse_length": 0.5,
     "fuse_lit": true,
     "power": 0,
     "causes_fire": true,
         "breaks_blocks": false,
     "fire_affected_by_griefing": true,
     "destroy_affected_by_griefing": true
    },
   "minecraft:projectile": {

    "on_hit": {
      "impact_damage": {
        "damage": 7,
        "knockback": false,
        "semi_random_diff_damage": false
      }
    },
    "power": 5,
    "gravity": 0.00,
    "inertia": 1,
    "anchor": 0,
    "offset": [ 0, 0.5, 0 ],
    "semi_random_diff_damage": true,
    "uncertainty_base": 0.0,
    "reflect_on_hurt": true
   },
   "minecraft:physics": {
   },
   "minecraft:pushable": {
    "is_pushable": true,
    "is_pushable_by_piston": true
   }
  }
 }
}
