{
  "format_version": "1.8.0",
  "minecraft:entity": {
    "description": {
      "identifier": "ben:to",
      "is_spawnable": false,
      "is_summonable": true,
      "is_experimental": false,
	  "scripts": { "animate": [ "gravidade" ] },
	  "animations": { "gravidade": "controller.animation.to" }
    },

    "components": {
	  "minecraft:type_family": {
	    "family": [ "gravidade" ]
	  },
	  "minecraft:despawn": {
	    "filters": {
		  "all_of": [
		    { "test": "is_mark_variant", "subject": "self", "value": 1 }
		  ]
		}
	  },
	  "minecraft:mark_variant": { "value": 1 }
    }
  }
}
